Country Name,Country Code,Series Name,Series Code,2019 [YR2019]
Afghanistan,AFG,Access to electricity (% of population),EG.ELC.ACCS.ZS,97.6999969482422
Afghanistan,AFG,Electricity net consumption,CC.ELEC.CON,5.91309
Afghanistan,AFG,Electricity net generation,CC.ELEC.GEN,1.06269
Albania,ALB,Access to electricity (% of population),EG.ELC.ACCS.ZS,100
Albania,ALB,Electricity net consumption,CC.ELEC.CON,6.52798
Albania,ALB,Electricity net generation,CC.ELEC.GEN,5.17594
Algeria,DZA,Access to electricity (% of population),EG.ELC.ACCS.ZS,99.5
Algeria,DZA,Electricity net consumption,CC.ELEC.CON,66.646
Algeria,DZA,Electricity net generation,CC.ELEC.GEN,76.685
American Samoa,ASM,Access to electricity (% of population),EG.ELC.ACCS.ZS,..
American Samoa,ASM,Electricity net consumption,CC.ELEC.CON,0.151
American Samoa,ASM,Electricity net generation,CC.ELEC.GEN,0.163
Andorra,AND,Access to electricity (% of population),EG.ELC.ACCS.ZS,100
Andorra,AND,Electricity net consumption,CC.ELEC.CON,..
Andorra,AND,Electricity net generation,CC.ELEC.GEN,..
Angola,AGO,Access to electricity (% of population),EG.ELC.ACCS.ZS,45.6427993774414
Angola,AGO,Electricity net consumption,CC.ELEC.CON,11.815
Angola,AGO,Electricity net generation,CC.ELEC.GEN,13.556
Antigua and Barbuda,ATG,Access to electricity (% of population),EG.ELC.ACCS.ZS,100
Antigua and Barbuda,ATG,Electricity net consumption,CC.ELEC.CON,0.278
Antigua and Barbuda,ATG,Electricity net generation,CC.ELEC.GEN,0.343
Argentina,ARG,Access to electricity (% of population),EG.ELC.ACCS.ZS,100
Argentina,ARG,Electricity net consumption,CC.ELEC.CON,122.08889
Argentina,ARG,Electricity net generation,CC.ELEC.GEN,132.26389
Armenia,ARM,Access to electricity (% of population),EG.ELC.ACCS.ZS,100
Armenia,ARM,Electricity net consumption,CC.ELEC.CON,5.75847
Armenia,ARM,Electricity net generation,CC.ELEC.GEN,7.26447
Aruba,ABW,Access to electricity (% of population),EG.ELC.ACCS.ZS,100
Aruba,ABW,Electricity net consumption,CC.ELEC.CON,0.90944216
Aruba,ABW,Electricity net generation,CC.ELEC.GEN,0.919712
Australia,AUS,Access to electricity (% of population),EG.ELC.ACCS.ZS,100
Australia,AUS,Electricity net consumption,CC.ELEC.CON,237.388272
Australia,AUS,Electricity net generation,CC.ELEC.GEN,249.99605
Austria,AUT,Access to electricity (% of population),EG.ELC.ACCS.ZS,100
Austria,AUT,Electricity net consumption,CC.ELEC.CON,68.499332
Austria,AUT,Electricity net generation,CC.ELEC.GEN,68.67575
Azerbaijan,AZE,Access to electricity (% of population),EG.ELC.ACCS.ZS,100
Azerbaijan,AZE,Electricity net consumption,CC.ELEC.CON,21.02663
Azerbaijan,AZE,Electricity net generation,CC.ELEC.GEN,24.60663
"Bahamas, The",BHS,Access to electricity (% of population),EG.ELC.ACCS.ZS,100
"Bahamas, The",BHS,Electricity net consumption,CC.ELEC.CON,2.10324849
"Bahamas, The",BHS,Electricity net generation,CC.ELEC.GEN,2.103493
Bahrain,BHR,Access to electricity (% of population),EG.ELC.ACCS.ZS,100
Bahrain,BHR,Electricity net consumption,CC.ELEC.CON,31.03825
Bahrain,BHR,Electricity net generation,CC.ELEC.GEN,31.44425
Bangladesh,BGD,Access to electricity (% of population),EG.ELC.ACCS.ZS,92.1999969482422
Bangladesh,BGD,Electricity net consumption,CC.ELEC.CON,76.849877
Bangladesh,BGD,Electricity net generation,CC.ELEC.GEN,79.600877
Barbados,BRB,Access to electricity (% of population),EG.ELC.ACCS.ZS,100
Barbados,BRB,Electricity net consumption,CC.ELEC.CON,1
Barbados,BRB,Electricity net generation,CC.ELEC.GEN,1.02
Belarus,BLR,Access to electricity (% of population),EG.ELC.ACCS.ZS,100
Belarus,BLR,Electricity net consumption,CC.ELEC.CON,32.6655
Belarus,BLR,Electricity net generation,CC.ELEC.GEN,37.7155
Belgium,BEL,Access to electricity (% of population),EG.ELC.ACCS.ZS,100
Belgium,BEL,Electricity net consumption,CC.ELEC.CON,83.503095
Belgium,BEL,Electricity net generation,CC.ELEC.GEN,88.948
Belize,BLZ,Access to electricity (% of population),EG.ELC.ACCS.ZS,92.7200012207031
Belize,BLZ,Electricity net consumption,CC.ELEC.CON,0.992305
Belize,BLZ,Electricity net generation,CC.ELEC.GEN,0.832605
Benin,BEN,Access to electricity (% of population),EG.ELC.ACCS.ZS,40.3286895751953
Benin,BEN,Electricity net consumption,CC.ELEC.CON,0.9297
Benin,BEN,Electricity net generation,CC.ELEC.GEN,0.2017
Bermuda,BMU,Access to electricity (% of population),EG.ELC.ACCS.ZS,100
Bermuda,BMU,Electricity net consumption,CC.ELEC.CON,0.533434
Bermuda,BMU,Electricity net generation,CC.ELEC.GEN,0.574434
Bhutan,BTN,Access to electricity (% of population),EG.ELC.ACCS.ZS,100
Bhutan,BTN,Electricity net consumption,CC.ELEC.CON,4.31489
Bhutan,BTN,Electricity net generation,CC.ELEC.GEN,8.95204
Bolivia,BOL,Access to electricity (% of population),EG.ELC.ACCS.ZS,95.0800018310547
Bolivia,BOL,Electricity net consumption,CC.ELEC.CON,8.75669
Bolivia,BOL,Electricity net generation,CC.ELEC.GEN,9.98369
Bosnia and Herzegovina,BIH,Access to electricity (% of population),EG.ELC.ACCS.ZS,100
Bosnia and Herzegovina,BIH,Electricity net consumption,CC.ELEC.CON,11.65745
Bosnia and Herzegovina,BIH,Electricity net generation,CC.ELEC.GEN,16.65445
Botswana,BWA,Access to electricity (% of population),EG.ELC.ACCS.ZS,69.9597396850586
Botswana,BWA,Electricity net consumption,CC.ELEC.CON,3.5159
Botswana,BWA,Electricity net generation,CC.ELEC.GEN,3.0459
Brazil,BRA,Access to electricity (% of population),EG.ELC.ACCS.ZS,99.8000030517578
Brazil,BRA,Electricity net consumption,CC.ELEC.CON,533.85178
Brazil,BRA,Electricity net generation,CC.ELEC.GEN,614.54178
British Virgin Islands,VGB,Access to electricity (% of population),EG.ELC.ACCS.ZS,100
British Virgin Islands,VGB,Electricity net consumption,CC.ELEC.CON,0.116298
British Virgin Islands,VGB,Electricity net generation,CC.ELEC.GEN,0.138798
Brunei Darussalam,BRN,Access to electricity (% of population),EG.ELC.ACCS.ZS,100
Brunei Darussalam,BRN,Electricity net consumption,CC.ELEC.CON,4.14014
Brunei Darussalam,BRN,Electricity net generation,CC.ELEC.GEN,4.63714
Bulgaria,BGR,Access to electricity (% of population),EG.ELC.ACCS.ZS,100
Bulgaria,BGR,Electricity net consumption,CC.ELEC.CON,30.90517
Bulgaria,BGR,Electricity net generation,CC.ELEC.GEN,39.48217
Burkina Faso,BFA,Access to electricity (% of population),EG.ELC.ACCS.ZS,18.3748550415039
Burkina Faso,BFA,Electricity net consumption,CC.ELEC.CON,2.03352
Burkina Faso,BFA,Electricity net generation,CC.ELEC.GEN,1.68152
Burundi,BDI,Access to electricity (% of population),EG.ELC.ACCS.ZS,11.3565282821655
Burundi,BDI,Electricity net consumption,CC.ELEC.CON,0.440774
Burundi,BDI,Electricity net generation,CC.ELEC.GEN,0.356734
Cabo Verde,CPV,Access to electricity (% of population),EG.ELC.ACCS.ZS,91.4000015258789
Cabo Verde,CPV,Electricity net consumption,CC.ELEC.CON,0.43685362
Cabo Verde,CPV,Electricity net generation,CC.ELEC.GEN,0.469
Cambodia,KHM,Access to electricity (% of population),EG.ELC.ACCS.ZS,84
Cambodia,KHM,Electricity net consumption,CC.ELEC.CON,10.28834
Cambodia,KHM,Electricity net generation,CC.ELEC.GEN,8.41234
Cameroon,CMR,Access to electricity (% of population),EG.ELC.ACCS.ZS,63.4898796081543
Cameroon,CMR,Electricity net consumption,CC.ELEC.CON,6.50884
Cameroon,CMR,Electricity net generation,CC.ELEC.GEN,8.35384
Canada,CAN,Access to electricity (% of population),EG.ELC.ACCS.ZS,100
Canada,CAN,Electricity net consumption,CC.ELEC.CON,552.622179
Canada,CAN,Electricity net generation,CC.ELEC.GEN,633.43403
Cayman Islands,CYM,Access to electricity (% of population),EG.ELC.ACCS.ZS,100
Cayman Islands,CYM,Electricity net consumption,CC.ELEC.CON,0.655165
Cayman Islands,CYM,Electricity net generation,CC.ELEC.GEN,0.695165
Central African Republic,CAF,Access to electricity (% of population),EG.ELC.ACCS.ZS,14.3000001907349
Central African Republic,CAF,Electricity net consumption,CC.ELEC.CON,0.14044
Central African Republic,CAF,Electricity net generation,CC.ELEC.GEN,0.15094
Chad,TCD,Access to electricity (% of population),EG.ELC.ACCS.ZS,8.39999961853027
Chad,TCD,Electricity net consumption,CC.ELEC.CON,0.18846
Chad,TCD,Electricity net generation,CC.ELEC.GEN,0.29946
Channel Islands,CHI,Access to electricity (% of population),EG.ELC.ACCS.ZS,100
Channel Islands,CHI,Electricity net consumption,CC.ELEC.CON,..
Channel Islands,CHI,Electricity net generation,CC.ELEC.GEN,..
Chile,CHL,Access to electricity (% of population),EG.ELC.ACCS.ZS,100
Chile,CHL,Electricity net consumption,CC.ELEC.CON,75.54726
Chile,CHL,Electricity net generation,CC.ELEC.GEN,79.11726
China,CHN,Access to electricity (% of population),EG.ELC.ACCS.ZS,100
China,CHN,Electricity net consumption,CC.ELEC.CON,6875.08864
China,CHN,Electricity net generation,CC.ELEC.GEN,7224.89564
Colombia,COL,Access to electricity (% of population),EG.ELC.ACCS.ZS,99.7559204101563
Colombia,COL,Electricity net consumption,CC.ELEC.CON,69.85668
Colombia,COL,Electricity net generation,CC.ELEC.GEN,75.26868
Comoros,COM,Access to electricity (% of population),EG.ELC.ACCS.ZS,84.2977752685547
Comoros,COM,Electricity net consumption,CC.ELEC.CON,0.096248
Comoros,COM,Electricity net generation,CC.ELEC.GEN,0.102296
"Congo, Dem. Rep.",COD,Access to electricity (% of population),EG.ELC.ACCS.ZS,19.1000003814697
"Congo, Dem. Rep.",COD,Electricity net consumption,CC.ELEC.CON,7.1817
"Congo, Dem. Rep.",COD,Electricity net generation,CC.ELEC.GEN,9.1867
"Congo, Rep.",COG,Access to electricity (% of population),EG.ELC.ACCS.ZS,48.4074745178223
"Congo, Rep.",COG,Electricity net consumption,CC.ELEC.CON,2.06558
"Congo, Rep.",COG,Electricity net generation,CC.ELEC.GEN,3.70958
Cook Islands,COK,Access to electricity (% of population),EG.ELC.ACCS.ZS,100
Cook Islands,COK,Electricity net consumption,CC.ELEC.CON,0.038729
Cook Islands,COK,Electricity net generation,CC.ELEC.GEN,0.041729
Costa Rica,CRI,Access to electricity (% of population),EG.ELC.ACCS.ZS,99.7099990844727
Costa Rica,CRI,Electricity net consumption,CC.ELEC.CON,10.072472
Costa Rica,CRI,Electricity net generation,CC.ELEC.GEN,11.37297
Cote d'Ivoire,CIV,Access to electricity (% of population),EG.ELC.ACCS.ZS,68.4595565795898
Cote d'Ivoire,CIV,Electricity net consumption,CC.ELEC.CON,5.92432
Cote d'Ivoire,CIV,Electricity net generation,CC.ELEC.GEN,8.88732
Croatia,HRV,Access to electricity (% of population),EG.ELC.ACCS.ZS,100
Croatia,HRV,Electricity net consumption,CC.ELEC.CON,16.79068
Croatia,HRV,Electricity net generation,CC.ELEC.GEN,12.31668
Cuba,CUB,Access to electricity (% of population),EG.ELC.ACCS.ZS,99.8000030517578
Cuba,CUB,Electricity net consumption,CC.ELEC.CON,16.09746
Cuba,CUB,Electricity net generation,CC.ELEC.GEN,19.52646
Curacao,CUW,Access to electricity (% of population),EG.ELC.ACCS.ZS,100
Curacao,CUW,Electricity net consumption,CC.ELEC.CON,..
Curacao,CUW,Electricity net generation,CC.ELEC.GEN,..
Cyprus,CYP,Access to electricity (% of population),EG.ELC.ACCS.ZS,100
Cyprus,CYP,Electricity net consumption,CC.ELEC.CON,4.733
Cyprus,CYP,Electricity net generation,CC.ELEC.GEN,4.917
Czech Republic,CZE,Access to electricity (% of population),EG.ELC.ACCS.ZS,100
Czech Republic,CZE,Electricity net consumption,CC.ELEC.CON,61.78565
Czech Republic,CZE,Electricity net generation,CC.ELEC.GEN,79.01392
Denmark,DNK,Access to electricity (% of population),EG.ELC.ACCS.ZS,100
Denmark,DNK,Electricity net consumption,CC.ELEC.CON,33.34484
Denmark,DNK,Electricity net generation,CC.ELEC.GEN,29.14484
Djibouti,DJI,Access to electricity (% of population),EG.ELC.ACCS.ZS,61.2119293212891
Djibouti,DJI,Electricity net consumption,CC.ELEC.CON,-0.0626
Djibouti,DJI,Electricity net generation,CC.ELEC.GEN,0.0574
Dominica,DMA,Access to electricity (% of population),EG.ELC.ACCS.ZS,100
Dominica,DMA,Electricity net consumption,CC.ELEC.CON,0.082078
Dominica,DMA,Electricity net generation,CC.ELEC.GEN,0.090178
Dominican Republic,DOM,Access to electricity (% of population),EG.ELC.ACCS.ZS,99
Dominican Republic,DOM,Electricity net consumption,CC.ELEC.CON,16.33098
Dominican Republic,DOM,Electricity net generation,CC.ELEC.GEN,18.90698
Ecuador,ECU,Access to electricity (% of population),EG.ELC.ACCS.ZS,99.0899963378906
Ecuador,ECU,Electricity net consumption,CC.ELEC.CON,26.35343
Ecuador,ECU,Electricity net generation,CC.ELEC.GEN,32.47643
"Egypt, Arab Rep.",EGY,Access to electricity (% of population),EG.ELC.ACCS.ZS,100
"Egypt, Arab Rep.",EGY,Electricity net consumption,CC.ELEC.CON,149.07912
"Egypt, Arab Rep.",EGY,Electricity net generation,CC.ELEC.GEN,182.98812
El Salvador,SLV,Access to electricity (% of population),EG.ELC.ACCS.ZS,97.3600006103516
El Salvador,SLV,Electricity net consumption,CC.ELEC.CON,6.4432
El Salvador,SLV,Electricity net generation,CC.ELEC.GEN,5.947
Equatorial Guinea,GNQ,Access to electricity (% of population),EG.ELC.ACCS.ZS,66.6000442504883
Equatorial Guinea,GNQ,Electricity net consumption,CC.ELEC.CON,1.00296
Equatorial Guinea,GNQ,Electricity net generation,CC.ELEC.GEN,1.18596
Eritrea,ERI,Access to electricity (% of population),EG.ELC.ACCS.ZS,50.9369926452637
Eritrea,ERI,Electricity net consumption,CC.ELEC.CON,0.39446
Eritrea,ERI,Electricity net generation,CC.ELEC.GEN,0.45546
Estonia,EST,Access to electricity (% of population),EG.ELC.ACCS.ZS,100
Estonia,EST,Electricity net consumption,CC.ELEC.CON,8.46881
Estonia,EST,Electricity net generation,CC.ELEC.GEN,6.81181
Eswatini,SWZ,Access to electricity (% of population),EG.ELC.ACCS.ZS,76.8694381713867
Eswatini,SWZ,Electricity net consumption,CC.ELEC.CON,1.448308
Eswatini,SWZ,Electricity net generation,CC.ELEC.GEN,0.661008
Ethiopia,ETH,Access to electricity (% of population),EG.ELC.ACCS.ZS,48.063591003418
Ethiopia,ETH,Electricity net consumption,CC.ELEC.CON,9.7781
Ethiopia,ETH,Electricity net generation,CC.ELEC.GEN,14.1521
Faroe Islands,FRO,Access to electricity (% of population),EG.ELC.ACCS.ZS,100
Faroe Islands,FRO,Electricity net consumption,CC.ELEC.CON,0.35864
Faroe Islands,FRO,Electricity net generation,CC.ELEC.GEN,0.3818
Fiji,FJI,Access to electricity (% of population),EG.ELC.ACCS.ZS,99.7158813476563
Fiji,FJI,Electricity net consumption,CC.ELEC.CON,1.02295472
Fiji,FJI,Electricity net generation,CC.ELEC.GEN,1.11295472
Finland,FIN,Access to electricity (% of population),EG.ELC.ACCS.ZS,100
Finland,FIN,Electricity net consumption,CC.ELEC.CON,83.98161
Finland,FIN,Electricity net generation,CC.ELEC.GEN,66.65561
France,FRA,Access to electricity (% of population),EG.ELC.ACCS.ZS,100
France,FRA,Electricity net consumption,CC.ELEC.CON,449.23542
France,FRA,Electricity net generation,CC.ELEC.GEN,545.01442
French Polynesia,PYF,Access to electricity (% of population),EG.ELC.ACCS.ZS,100
French Polynesia,PYF,Electricity net consumption,CC.ELEC.CON,0.6397
French Polynesia,PYF,Electricity net generation,CC.ELEC.GEN,0.6807
Gabon,GAB,Access to electricity (% of population),EG.ELC.ACCS.ZS,90.7262954711914
Gabon,GAB,Electricity net consumption,CC.ELEC.CON,3.134
Gabon,GAB,Electricity net generation,CC.ELEC.GEN,3.012
"Gambia, The",GMB,Access to electricity (% of population),EG.ELC.ACCS.ZS,62.0999984741211
"Gambia, The",GMB,Electricity net consumption,CC.ELEC.CON,0.2350353
"Gambia, The",GMB,Electricity net generation,CC.ELEC.GEN,0.3048353
Georgia,GEO,Access to electricity (% of population),EG.ELC.ACCS.ZS,100
Georgia,GEO,Electricity net consumption,CC.ELEC.CON,12.06208
Georgia,GEO,Electricity net generation,CC.ELEC.GEN,11.59728
Germany,DEU,Access to electricity (% of population),EG.ELC.ACCS.ZS,100
Germany,DEU,Electricity net consumption,CC.ELEC.CON,517.30339
Germany,DEU,Electricity net generation,CC.ELEC.GEN,577.44439
Ghana,GHA,Access to electricity (% of population),EG.ELC.ACCS.ZS,83.5
Ghana,GHA,Electricity net consumption,CC.ELEC.CON,13.107757
Ghana,GHA,Electricity net generation,CC.ELEC.GEN,16.884757
Gibraltar,GIB,Access to electricity (% of population),EG.ELC.ACCS.ZS,100
Gibraltar,GIB,Electricity net consumption,CC.ELEC.CON,0.19886
Gibraltar,GIB,Electricity net generation,CC.ELEC.GEN,0.20586
Greece,GRC,Access to electricity (% of population),EG.ELC.ACCS.ZS,100
Greece,GRC,Electricity net consumption,CC.ELEC.CON,50.511411
Greece,GRC,Electricity net generation,CC.ELEC.GEN,44.2598
Greenland,GRL,Access to electricity (% of population),EG.ELC.ACCS.ZS,100
Greenland,GRL,Electricity net consumption,CC.ELEC.CON,0.4817
Greenland,GRL,Electricity net generation,CC.ELEC.GEN,0.4987
Grenada,GRD,Access to electricity (% of population),EG.ELC.ACCS.ZS,93.120964050293
Grenada,GRD,Electricity net consumption,CC.ELEC.CON,0.194495
Grenada,GRD,Electricity net generation,CC.ELEC.GEN,0.213495
Guam,GUM,Access to electricity (% of population),EG.ELC.ACCS.ZS,100
Guam,GUM,Electricity net consumption,CC.ELEC.CON,1.683
Guam,GUM,Electricity net generation,CC.ELEC.GEN,1.768
Guatemala,GTM,Access to electricity (% of population),EG.ELC.ACCS.ZS,95.7420043945313
Guatemala,GTM,Electricity net consumption,CC.ELEC.CON,10.79365
Guatemala,GTM,Electricity net generation,CC.ELEC.GEN,13.42965
Guinea,GIN,Access to electricity (% of population),EG.ELC.ACCS.ZS,42.2000007629395
Guinea,GIN,Electricity net consumption,CC.ELEC.CON,1.781
Guinea,GIN,Electricity net generation,CC.ELEC.GEN,2.061
Guinea-Bissau,GNB,Access to electricity (% of population),EG.ELC.ACCS.ZS,30.9615573883057
Guinea-Bissau,GNB,Electricity net consumption,CC.ELEC.CON,0.076458
Guinea-Bissau,GNB,Electricity net generation,CC.ELEC.GEN,0.082458
Guyana,GUY,Access to electricity (% of population),EG.ELC.ACCS.ZS,91.9157562255859
Guyana,GUY,Electricity net consumption,CC.ELEC.CON,0.9054
Guyana,GUY,Electricity net generation,CC.ELEC.GEN,1.1524
Haiti,HTI,Access to electricity (% of population),EG.ELC.ACCS.ZS,45.990234375
Haiti,HTI,Electricity net consumption,CC.ELEC.CON,0.339
Haiti,HTI,Electricity net generation,CC.ELEC.GEN,0.982
Honduras,HND,Access to electricity (% of population),EG.ELC.ACCS.ZS,91.0999984741211
Honduras,HND,Electricity net consumption,CC.ELEC.CON,8.14048
Honduras,HND,Electricity net generation,CC.ELEC.GEN,11.05348
"Hong Kong SAR, China",HKG,Access to electricity (% of population),EG.ELC.ACCS.ZS,100
"Hong Kong SAR, China",HKG,Electricity net consumption,CC.ELEC.CON,45.368
"Hong Kong SAR, China",HKG,Electricity net generation,CC.ELEC.GEN,34.712
Hungary,HUN,Access to electricity (% of population),EG.ELC.ACCS.ZS,100
Hungary,HUN,Electricity net consumption,CC.ELEC.CON,41.56464
Hungary,HUN,Electricity net generation,CC.ELEC.GEN,32.27264
Iceland,ISL,Access to electricity (% of population),EG.ELC.ACCS.ZS,100
Iceland,ISL,Electricity net consumption,CC.ELEC.CON,18.821071
Iceland,ISL,Electricity net generation,CC.ELEC.GEN,19.352071
India,IND,Access to electricity (% of population),EG.ELC.ACCS.ZS,97.3082656860352
India,IND,Electricity net consumption,CC.ELEC.CON,1229.387712
India,IND,Electricity net generation,CC.ELEC.GEN,1503.785712
Indonesia,IDN,Access to electricity (% of population),EG.ELC.ACCS.ZS,98.8499984741211
Indonesia,IDN,Electricity net consumption,CC.ELEC.CON,256.74219
Indonesia,IDN,Electricity net generation,CC.ELEC.GEN,280.13907
"Iran, Islamic Rep.",IRN,Access to electricity (% of population),EG.ELC.ACCS.ZS,100
"Iran, Islamic Rep.",IRN,Electricity net consumption,CC.ELEC.CON,279.82639
"Iran, Islamic Rep.",IRN,Electricity net generation,CC.ELEC.GEN,317.75639
Iraq,IRQ,Access to electricity (% of population),EG.ELC.ACCS.ZS,99.9920043945313
Iraq,IRQ,Electricity net consumption,CC.ELEC.CON,46.49254
Iraq,IRQ,Electricity net generation,CC.ELEC.GEN,90.81454
Ireland,IRL,Access to electricity (% of population),EG.ELC.ACCS.ZS,100
Ireland,IRL,Electricity net consumption,CC.ELEC.CON,28.18913
Ireland,IRL,Electricity net generation,CC.ELEC.GEN,29.81813
Isle of Man,IMN,Access to electricity (% of population),EG.ELC.ACCS.ZS,100
Isle of Man,IMN,Electricity net consumption,CC.ELEC.CON,..
Isle of Man,IMN,Electricity net generation,CC.ELEC.GEN,..
Israel,ISR,Access to electricity (% of population),EG.ELC.ACCS.ZS,100
Israel,ISR,Electricity net consumption,CC.ELEC.CON,59.1925
Israel,ISR,Electricity net generation,CC.ELEC.GEN,68.1455
Italy,ITA,Access to electricity (% of population),EG.ELC.ACCS.ZS,100
Italy,ITA,Electricity net consumption,CC.ELEC.CON,303.33124
Italy,ITA,Electricity net generation,CC.ELEC.GEN,283.00824
Jamaica,JAM,Access to electricity (% of population),EG.ELC.ACCS.ZS,99.3676223754883
Jamaica,JAM,Electricity net consumption,CC.ELEC.CON,3.05078
Jamaica,JAM,Electricity net generation,CC.ELEC.GEN,4.19978
Japan,JPN,Access to electricity (% of population),EG.ELC.ACCS.ZS,100
Japan,JPN,Electricity net consumption,CC.ELEC.CON,903.69874
Japan,JPN,Electricity net generation,CC.ELEC.GEN,947.79274
Jordan,JOR,Access to electricity (% of population),EG.ELC.ACCS.ZS,100
Jordan,JOR,Electricity net consumption,CC.ELEC.CON,17.3664
Jordan,JOR,Electricity net generation,CC.ELEC.GEN,19.4744
Kazakhstan,KAZ,Access to electricity (% of population),EG.ELC.ACCS.ZS,100
Kazakhstan,KAZ,Electricity net consumption,CC.ELEC.CON,92.13396
Kazakhstan,KAZ,Electricity net generation,CC.ELEC.GEN,102.30696
Kenya,KEN,Access to electricity (% of population),EG.ELC.ACCS.ZS,69.6999969482422
Kenya,KEN,Electricity net consumption,CC.ELEC.CON,8.243
Kenya,KEN,Electricity net generation,CC.ELEC.GEN,10.706
Kiribati,KIR,Access to electricity (% of population),EG.ELC.ACCS.ZS,90.0328521728516
Kiribati,KIR,Electricity net consumption,CC.ELEC.CON,0.025137
Kiribati,KIR,Electricity net generation,CC.ELEC.GEN,0.029837
"Korea, Dem. People's Rep.",PRK,Access to electricity (% of population),EG.ELC.ACCS.ZS,49.9720001220703
"Korea, Dem. People's Rep.",PRK,Electricity net consumption,CC.ELEC.CON,13.93032
"Korea, Dem. People's Rep.",PRK,Electricity net generation,CC.ELEC.GEN,16.07632
"Korea, Rep.",KOR,Access to electricity (% of population),EG.ELC.ACCS.ZS,100
"Korea, Rep.",KOR,Electricity net consumption,CC.ELEC.CON,539.98224
"Korea, Rep.",KOR,Electricity net generation,CC.ELEC.GEN,558.98224
Kosovo,XKX,Access to electricity (% of population),EG.ELC.ACCS.ZS,100
Kosovo,XKX,Electricity net consumption,CC.ELEC.CON,..
Kosovo,XKX,Electricity net generation,CC.ELEC.GEN,..
Kuwait,KWT,Access to electricity (% of population),EG.ELC.ACCS.ZS,100
Kuwait,KWT,Electricity net consumption,CC.ELEC.CON,63.80236
Kuwait,KWT,Electricity net generation,CC.ELEC.GEN,70.50336
Kyrgyz Republic,KGZ,Access to electricity (% of population),EG.ELC.ACCS.ZS,99.8742370605469
Kyrgyz Republic,KGZ,Electricity net consumption,CC.ELEC.CON,12.32414
Kyrgyz Republic,KGZ,Electricity net generation,CC.ELEC.GEN,14.84014
Lao PDR,LAO,Access to electricity (% of population),EG.ELC.ACCS.ZS,99.0920867919922
Lao PDR,LAO,Electricity net consumption,CC.ELEC.CON,5.10864
Lao PDR,LAO,Electricity net generation,CC.ELEC.GEN,30.13964
Latvia,LVA,Access to electricity (% of population),EG.ELC.ACCS.ZS,100
Latvia,LVA,Electricity net consumption,CC.ELEC.CON,6.74792
Latvia,LVA,Electricity net generation,CC.ELEC.GEN,6.05692
Lebanon,LBN,Access to electricity (% of population),EG.ELC.ACCS.ZS,99.9748687744141
Lebanon,LBN,Electricity net consumption,CC.ELEC.CON,18.71562
Lebanon,LBN,Electricity net generation,CC.ELEC.GEN,20.03462
Lesotho,LSO,Access to electricity (% of population),EG.ELC.ACCS.ZS,44.5002098083496
Lesotho,LSO,Electricity net consumption,CC.ELEC.CON,0.9128
Lesotho,LSO,Electricity net generation,CC.ELEC.GEN,0.501
Liberia,LBR,Access to electricity (% of population),EG.ELC.ACCS.ZS,23.1000003814697
Liberia,LBR,Electricity net consumption,CC.ELEC.CON,0.292
Liberia,LBR,Electricity net generation,CC.ELEC.GEN,0.318
Libya,LBY,Access to electricity (% of population),EG.ELC.ACCS.ZS,68.6424026489258
Libya,LBY,Electricity net consumption,CC.ELEC.CON,25.36034
Libya,LBY,Electricity net generation,CC.ELEC.GEN,31.69634
Liechtenstein,LIE,Access to electricity (% of population),EG.ELC.ACCS.ZS,100
Liechtenstein,LIE,Electricity net consumption,CC.ELEC.CON,..
Liechtenstein,LIE,Electricity net generation,CC.ELEC.GEN,..
Lithuania,LTU,Access to electricity (% of population),EG.ELC.ACCS.ZS,100
Lithuania,LTU,Electricity net consumption,CC.ELEC.CON,11.314208
Lithuania,LTU,Electricity net generation,CC.ELEC.GEN,2.85654
Luxembourg,LUX,Access to electricity (% of population),EG.ELC.ACCS.ZS,100
Luxembourg,LUX,Electricity net consumption,CC.ELEC.CON,6.419152
Luxembourg,LUX,Electricity net generation,CC.ELEC.GEN,0.69593
"Macao SAR, China",MAC,Access to electricity (% of population),EG.ELC.ACCS.ZS,100
"Macao SAR, China",MAC,Electricity net consumption,CC.ELEC.CON,5.6481
"Macao SAR, China",MAC,Electricity net generation,CC.ELEC.GEN,0.829
Madagascar,MDG,Access to electricity (% of population),EG.ELC.ACCS.ZS,31.0400009155273
Madagascar,MDG,Electricity net consumption,CC.ELEC.CON,1.72014
Madagascar,MDG,Electricity net generation,CC.ELEC.GEN,1.85114
Malawi,MWI,Access to electricity (% of population),EG.ELC.ACCS.ZS,11.1999998092651
Malawi,MWI,Electricity net consumption,CC.ELEC.CON,1.117378
Malawi,MWI,Electricity net generation,CC.ELEC.GEN,1.577378
Malaysia,MYS,Access to electricity (% of population),EG.ELC.ACCS.ZS,100
Malaysia,MYS,Electricity net consumption,CC.ELEC.CON,150.062
Malaysia,MYS,Electricity net generation,CC.ELEC.GEN,162.836
Maldives,MDV,Access to electricity (% of population),EG.ELC.ACCS.ZS,100
Maldives,MDV,Electricity net consumption,CC.ELEC.CON,0.5865
Maldives,MDV,Electricity net generation,CC.ELEC.GEN,0.6075
Mali,MLI,Access to electricity (% of population),EG.ELC.ACCS.ZS,47.8362770080566
Mali,MLI,Electricity net consumption,CC.ELEC.CON,2.62098
Mali,MLI,Electricity net generation,CC.ELEC.GEN,3.31698
Malta,MLT,Access to electricity (% of population),EG.ELC.ACCS.ZS,100
Malta,MLT,Electricity net consumption,CC.ELEC.CON,2.497143
Malta,MLT,Electricity net generation,CC.ELEC.GEN,2.018143
Marshall Islands,MHL,Access to electricity (% of population),EG.ELC.ACCS.ZS,97.538200378418
Marshall Islands,MHL,Electricity net consumption,CC.ELEC.CON,..
Marshall Islands,MHL,Electricity net generation,CC.ELEC.GEN,..
Mauritania,MRT,Access to electricity (% of population),EG.ELC.ACCS.ZS,45.8300323486328
Mauritania,MRT,Electricity net consumption,CC.ELEC.CON,1.577
Mauritania,MRT,Electricity net generation,CC.ELEC.GEN,1.822
Mauritius,MUS,Access to electricity (% of population),EG.ELC.ACCS.ZS,100
Mauritius,MUS,Electricity net consumption,CC.ELEC.CON,2.9045
Mauritius,MUS,Electricity net generation,CC.ELEC.GEN,3.0869
Mexico,MEX,Access to electricity (% of population),EG.ELC.ACCS.ZS,99.5999984741211
Mexico,MEX,Electricity net consumption,CC.ELEC.CON,277.14414
Mexico,MEX,Electricity net generation,CC.ELEC.GEN,316.33914
"Micronesia, Fed. Sts.",FSM,Access to electricity (% of population),EG.ELC.ACCS.ZS,81.2767333984375
"Micronesia, Fed. Sts.",FSM,Electricity net consumption,CC.ELEC.CON,..
"Micronesia, Fed. Sts.",FSM,Electricity net generation,CC.ELEC.GEN,..
Moldova,MDA,Access to electricity (% of population),EG.ELC.ACCS.ZS,100
Moldova,MDA,Electricity net consumption,CC.ELEC.CON,4.59123
Moldova,MDA,Electricity net generation,CC.ELEC.GEN,4.51823
Monaco,MCO,Access to electricity (% of population),EG.ELC.ACCS.ZS,100
Monaco,MCO,Electricity net consumption,CC.ELEC.CON,..
Monaco,MCO,Electricity net generation,CC.ELEC.GEN,..
Mongolia,MNG,Access to electricity (% of population),EG.ELC.ACCS.ZS,97.2299118041992
Mongolia,MNG,Electricity net consumption,CC.ELEC.CON,7.33652
Mongolia,MNG,Electricity net generation,CC.ELEC.GEN,6.52952
Montenegro,MNE,Access to electricity (% of population),EG.ELC.ACCS.ZS,100
Montenegro,MNE,Electricity net consumption,CC.ELEC.CON,3.24676
Montenegro,MNE,Electricity net generation,CC.ELEC.GEN,3.48676
Morocco,MAR,Access to electricity (% of population),EG.ELC.ACCS.ZS,99.5999984741211
Morocco,MAR,Electricity net consumption,CC.ELEC.CON,29.447883
Morocco,MAR,Electricity net generation,CC.ELEC.GEN,37.077883
Mozambique,MOZ,Access to electricity (% of population),EG.ELC.ACCS.ZS,29.6744499206543
Mozambique,MOZ,Electricity net consumption,CC.ELEC.CON,12.7241
Mozambique,MOZ,Electricity net generation,CC.ELEC.GEN,17.9871
Myanmar,MMR,Access to electricity (% of population),EG.ELC.ACCS.ZS,68.358528137207
Myanmar,MMR,Electricity net consumption,CC.ELEC.CON,20.47438
Myanmar,MMR,Electricity net generation,CC.ELEC.GEN,24.88138
Namibia,NAM,Access to electricity (% of population),EG.ELC.ACCS.ZS,55.1770896911621
Namibia,NAM,Electricity net consumption,CC.ELEC.CON,4.06536
Namibia,NAM,Electricity net generation,CC.ELEC.GEN,1.03736
Nauru,NRU,Access to electricity (% of population),EG.ELC.ACCS.ZS,100
Nauru,NRU,Electricity net consumption,CC.ELEC.CON,0.034216
Nauru,NRU,Electricity net generation,CC.ELEC.GEN,0.034216
Nepal,NPL,Access to electricity (% of population),EG.ELC.ACCS.ZS,89.9000015258789
Nepal,NPL,Electricity net consumption,CC.ELEC.CON,4.676
Nepal,NPL,Electricity net generation,CC.ELEC.GEN,4.237
Netherlands,NLD,Access to electricity (% of population),EG.ELC.ACCS.ZS,100
Netherlands,NLD,Electricity net consumption,CC.ELEC.CON,112.84597
Netherlands,NLD,Electricity net generation,CC.ELEC.GEN,117.04997
New Caledonia,NCL,Access to electricity (% of population),EG.ELC.ACCS.ZS,100
New Caledonia,NCL,Electricity net consumption,CC.ELEC.CON,2.940707
New Caledonia,NCL,Electricity net generation,CC.ELEC.GEN,3.005
New Zealand,NZL,Access to electricity (% of population),EG.ELC.ACCS.ZS,100
New Zealand,NZL,Electricity net consumption,CC.ELEC.CON,41.169838
New Zealand,NZL,Electricity net generation,CC.ELEC.GEN,43.42617
Nicaragua,NIC,Access to electricity (% of population),EG.ELC.ACCS.ZS,88.0583267211914
Nicaragua,NIC,Electricity net consumption,CC.ELEC.CON,3.18262
Nicaragua,NIC,Electricity net generation,CC.ELEC.GEN,4.63862
Niger,NER,Access to electricity (% of population),EG.ELC.ACCS.ZS,18.9745712280273
Niger,NER,Electricity net consumption,CC.ELEC.CON,1.32542
Niger,NER,Electricity net generation,CC.ELEC.GEN,0.58142
Nigeria,NGA,Access to electricity (% of population),EG.ELC.ACCS.ZS,55.4000015258789
Nigeria,NGA,Electricity net consumption,CC.ELEC.CON,24.61148
Nigeria,NGA,Electricity net generation,CC.ELEC.GEN,29.32448
Niue,NIU,Access to electricity (% of population),EG.ELC.ACCS.ZS,99.5417251586914
Niue,NIU,Electricity net consumption,CC.ELEC.CON,0.0026
Niue,NIU,Electricity net generation,CC.ELEC.GEN,0.003
North Macedonia,MKD,Access to electricity (% of population),EG.ELC.ACCS.ZS,100
North Macedonia,MKD,Electricity net consumption,CC.ELEC.CON,6.350982
North Macedonia,MKD,Electricity net generation,CC.ELEC.GEN,5.501982
Northern Mariana Islands,MNP,Access to electricity (% of population),EG.ELC.ACCS.ZS,100
Northern Mariana Islands,MNP,Electricity net consumption,CC.ELEC.CON,..
Northern Mariana Islands,MNP,Electricity net generation,CC.ELEC.GEN,..
Norway,NOR,Access to electricity (% of population),EG.ELC.ACCS.ZS,100
Norway,NOR,Electricity net consumption,CC.ELEC.CON,123.571606
Norway,NOR,Electricity net generation,CC.ELEC.GEN,131.78488
Oman,OMN,Access to electricity (% of population),EG.ELC.ACCS.ZS,100
Oman,OMN,Electricity net consumption,CC.ELEC.CON,32.32002
Oman,OMN,Electricity net generation,CC.ELEC.GEN,36.03702
Pakistan,PAK,Access to electricity (% of population),EG.ELC.ACCS.ZS,74.1276931762695
Pakistan,PAK,Electricity net consumption,CC.ELEC.CON,103.49352
Pakistan,PAK,Electricity net generation,CC.ELEC.GEN,120.39552
Palau,PLW,Access to electricity (% of population),EG.ELC.ACCS.ZS,100
Palau,PLW,Electricity net consumption,CC.ELEC.CON,..
Palau,PLW,Electricity net generation,CC.ELEC.GEN,..
Panama,PAN,Access to electricity (% of population),EG.ELC.ACCS.ZS,95.8163299560547
Panama,PAN,Electricity net consumption,CC.ELEC.CON,10.80878
Panama,PAN,Electricity net generation,CC.ELEC.GEN,12.46778
Papua New Guinea,PNG,Access to electricity (% of population),EG.ELC.ACCS.ZS,59.6629753112793
Papua New Guinea,PNG,Electricity net consumption,CC.ELEC.CON,3.701693
Papua New Guinea,PNG,Electricity net generation,CC.ELEC.GEN,4.041693
Paraguay,PRY,Access to electricity (% of population),EG.ELC.ACCS.ZS,99.6999969482422
Paraguay,PRY,Electricity net consumption,CC.ELEC.CON,12.71859
Paraguay,PRY,Electricity net generation,CC.ELEC.GEN,48.93659
Peru,PER,Access to electricity (% of population),EG.ELC.ACCS.ZS,95.5513610839844
Peru,PER,Electricity net consumption,CC.ELEC.CON,49.12137
Peru,PER,Electricity net generation,CC.ELEC.GEN,55.46937
Philippines,PHL,Access to electricity (% of population),EG.ELC.ACCS.ZS,95.6450805664063
Philippines,PHL,Electricity net consumption,CC.ELEC.CON,90.92699
Philippines,PHL,Electricity net generation,CC.ELEC.GEN,100.92099
Poland,POL,Access to electricity (% of population),EG.ELC.ACCS.ZS,100
Poland,POL,Electricity net consumption,CC.ELEC.CON,152.287991
Poland,POL,Electricity net generation,CC.ELEC.GEN,150.616016
Portugal,PRT,Access to electricity (% of population),EG.ELC.ACCS.ZS,100
Portugal,PRT,Electricity net consumption,CC.ELEC.CON,48.9306
Portugal,PRT,Electricity net generation,CC.ELEC.GEN,50.4796
Puerto Rico,PRI,Access to electricity (% of population),EG.ELC.ACCS.ZS,100
Puerto Rico,PRI,Electricity net consumption,CC.ELEC.CON,15.20314
Puerto Rico,PRI,Electricity net generation,CC.ELEC.GEN,17.70314
Qatar,QAT,Access to electricity (% of population),EG.ELC.ACCS.ZS,100
Qatar,QAT,Electricity net consumption,CC.ELEC.CON,44.116984
Qatar,QAT,Electricity net generation,CC.ELEC.GEN,46.888984
Romania,ROU,Access to electricity (% of population),EG.ELC.ACCS.ZS,100
Romania,ROU,Electricity net consumption,CC.ELEC.CON,50.039421
Romania,ROU,Electricity net generation,CC.ELEC.GEN,55.022421
Russian Federation,RUS,Access to electricity (% of population),EG.ELC.ACCS.ZS,100
Russian Federation,RUS,Electricity net consumption,CC.ELEC.CON,942.89542
Russian Federation,RUS,Electricity net generation,CC.ELEC.GEN,1060.40342
Rwanda,RWA,Access to electricity (% of population),EG.ELC.ACCS.ZS,40.3686065673828
Rwanda,RWA,Electricity net consumption,CC.ELEC.CON,1.0073
Rwanda,RWA,Electricity net generation,CC.ELEC.GEN,1.05984
Samoa,WSM,Access to electricity (% of population),EG.ELC.ACCS.ZS,99.1999969482422
Samoa,WSM,Electricity net consumption,CC.ELEC.CON,0.12013
Samoa,WSM,Electricity net generation,CC.ELEC.GEN,0.13513
San Marino,SMR,Access to electricity (% of population),EG.ELC.ACCS.ZS,100
San Marino,SMR,Electricity net consumption,CC.ELEC.CON,..
San Marino,SMR,Electricity net generation,CC.ELEC.GEN,..
Sao Tome and Principe,STP,Access to electricity (% of population),EG.ELC.ACCS.ZS,74.9672012329102
Sao Tome and Principe,STP,Electricity net consumption,CC.ELEC.CON,0.078
Sao Tome and Principe,STP,Electricity net generation,CC.ELEC.GEN,0.0899
Saudi Arabia,SAU,Access to electricity (% of population),EG.ELC.ACCS.ZS,100
Saudi Arabia,SAU,Electricity net consumption,CC.ELEC.CON,331.3815
Saudi Arabia,SAU,Electricity net generation,CC.ELEC.GEN,362.4365
Senegal,SEN,Access to electricity (% of population),EG.ELC.ACCS.ZS,70.4000015258789
Senegal,SEN,Electricity net consumption,CC.ELEC.CON,4.73598
Senegal,SEN,Electricity net generation,CC.ELEC.GEN,5.17598
Serbia,SRB,Access to electricity (% of population),EG.ELC.ACCS.ZS,99.8000030517578
Serbia,SRB,Electricity net consumption,CC.ELEC.CON,29.933262
Serbia,SRB,Electricity net generation,CC.ELEC.GEN,34.189262
Seychelles,SYC,Access to electricity (% of population),EG.ELC.ACCS.ZS,100
Seychelles,SYC,Electricity net consumption,CC.ELEC.CON,0.463894
Seychelles,SYC,Electricity net generation,CC.ELEC.GEN,0.493894
Sierra Leone,SLE,Access to electricity (% of population),EG.ELC.ACCS.ZS,22.7000007629395
Sierra Leone,SLE,Electricity net consumption,CC.ELEC.CON,0.130708
Sierra Leone,SLE,Electricity net generation,CC.ELEC.GEN,0.207708
Singapore,SGP,Access to electricity (% of population),EG.ELC.ACCS.ZS,100
Singapore,SGP,Electricity net consumption,CC.ELEC.CON,50.74238
Singapore,SGP,Electricity net generation,CC.ELEC.GEN,51.31338
Sint Maarten (Dutch part),SXM,Access to electricity (% of population),EG.ELC.ACCS.ZS,100
Sint Maarten (Dutch part),SXM,Electricity net consumption,CC.ELEC.CON,..
Sint Maarten (Dutch part),SXM,Electricity net generation,CC.ELEC.GEN,..
Slovak Republic,SVK,Access to electricity (% of population),EG.ELC.ACCS.ZS,100
Slovak Republic,SVK,Electricity net consumption,CC.ELEC.CON,26.36883
Slovak Republic,SVK,Electricity net generation,CC.ELEC.GEN,26.36783
Slovenia,SVN,Access to electricity (% of population),EG.ELC.ACCS.ZS,100
Slovenia,SVN,Electricity net consumption,CC.ELEC.CON,13.811463
Slovenia,SVN,Electricity net generation,CC.ELEC.GEN,14.98819
Solomon Islands,SLB,Access to electricity (% of population),EG.ELC.ACCS.ZS,69.8094177246094
Solomon Islands,SLB,Electricity net consumption,CC.ELEC.CON,0.09352726
Solomon Islands,SLB,Electricity net generation,CC.ELEC.GEN,0.10752726
Somalia,SOM,Access to electricity (% of population),EG.ELC.ACCS.ZS,49.2000007629395
Somalia,SOM,Electricity net consumption,CC.ELEC.CON,0.3112
Somalia,SOM,Electricity net generation,CC.ELEC.GEN,0.3462
South Africa,ZAF,Access to electricity (% of population),EG.ELC.ACCS.ZS,85
South Africa,ZAF,Electricity net consumption,CC.ELEC.CON,202.28587
South Africa,ZAF,Electricity net generation,CC.ELEC.GEN,231.84887
South Sudan,SSD,Access to electricity (% of population),EG.ELC.ACCS.ZS,6.70700693130493
South Sudan,SSD,Electricity net consumption,CC.ELEC.CON,0.53166
South Sudan,SSD,Electricity net generation,CC.ELEC.GEN,0.55766
Spain,ESP,Access to electricity (% of population),EG.ELC.ACCS.ZS,100
Spain,ESP,Electricity net consumption,CC.ELEC.CON,244.99732
Spain,ESP,Electricity net generation,CC.ELEC.GEN,262.92532
Sri Lanka,LKA,Access to electricity (% of population),EG.ELC.ACCS.ZS,99.7585678100586
Sri Lanka,LKA,Electricity net consumption,CC.ELEC.CON,13.99142
Sri Lanka,LKA,Electricity net generation,CC.ELEC.GEN,15.32842
St. Kitts and Nevis,KNA,Access to electricity (% of population),EG.ELC.ACCS.ZS,100
St. Kitts and Nevis,KNA,Electricity net consumption,CC.ELEC.CON,0.17534
St. Kitts and Nevis,KNA,Electricity net generation,CC.ELEC.GEN,0.21534
St. Lucia,LCA,Access to electricity (% of population),EG.ELC.ACCS.ZS,99.5021820068359
St. Lucia,LCA,Electricity net consumption,CC.ELEC.CON,0.3225057
St. Lucia,LCA,Electricity net generation,CC.ELEC.GEN,0.3500737
St. Martin (French part),MAF,Access to electricity (% of population),EG.ELC.ACCS.ZS,100
St. Martin (French part),MAF,Electricity net consumption,CC.ELEC.CON,..
St. Martin (French part),MAF,Electricity net generation,CC.ELEC.GEN,..
St. Vincent and the Grenadines,VCT,Access to electricity (% of population),EG.ELC.ACCS.ZS,100
St. Vincent and the Grenadines,VCT,Electricity net consumption,CC.ELEC.CON,0.133917
St. Vincent and the Grenadines,VCT,Electricity net generation,CC.ELEC.GEN,0.145
Sudan,SDN,Access to electricity (% of population),EG.ELC.ACCS.ZS,53.9625396728516
Sudan,SDN,Electricity net consumption,CC.ELEC.CON,9.68206
Sudan,SDN,Electricity net generation,CC.ELEC.GEN,14.28106
Suriname,SUR,Access to electricity (% of population),EG.ELC.ACCS.ZS,97.8254165649414
Suriname,SUR,Electricity net consumption,CC.ELEC.CON,2.938391
Suriname,SUR,Electricity net generation,CC.ELEC.GEN,2.364391
Sweden,SWE,Access to electricity (% of population),EG.ELC.ACCS.ZS,100
Sweden,SWE,Electricity net consumption,CC.ELEC.CON,128.73883
Sweden,SWE,Electricity net generation,CC.ELEC.GEN,165.74183
Switzerland,CHE,Access to electricity (% of population),EG.ELC.ACCS.ZS,100
Switzerland,CHE,Electricity net consumption,CC.ELEC.CON,54.967989
Switzerland,CHE,Electricity net generation,CC.ELEC.GEN,65.376989
Syrian Arab Republic,SYR,Access to electricity (% of population),EG.ELC.ACCS.ZS,89.2692108154297
Syrian Arab Republic,SYR,Electricity net consumption,CC.ELEC.CON,13.07108
Syrian Arab Republic,SYR,Electricity net generation,CC.ELEC.GEN,17.10508
"Taiwan, China",TWN,Access to electricity (% of population),EG.ELC.ACCS.ZS,..
"Taiwan, China",TWN,Electricity net consumption,CC.ELEC.CON,259.914658016
"Taiwan, China",TWN,Electricity net generation,CC.ELEC.GEN,268.900658016
Tajikistan,TJK,Access to electricity (% of population),EG.ELC.ACCS.ZS,99.6332092285156
Tajikistan,TJK,Electricity net consumption,CC.ELEC.CON,15.07089
Tajikistan,TJK,Electricity net generation,CC.ELEC.GEN,20.39389
Tanzania,TZA,Access to electricity (% of population),EG.ELC.ACCS.ZS,37.6596870422363
Tanzania,TZA,Electricity net consumption,CC.ELEC.CON,6.52244
Tanzania,TZA,Electricity net generation,CC.ELEC.GEN,7.38344
Thailand,THA,Access to electricity (% of population),EG.ELC.ACCS.ZS,99.9000015258789
Thailand,THA,Electricity net consumption,CC.ELEC.CON,190.569261622
Thailand,THA,Electricity net generation,CC.ELEC.GEN,181.19062
Timor-Leste,TLS,Access to electricity (% of population),EG.ELC.ACCS.ZS,90.7986526489258
Timor-Leste,TLS,Electricity net consumption,CC.ELEC.CON,-0.103
Timor-Leste,TLS,Electricity net generation,CC.ELEC.GEN,0
Togo,TGO,Access to electricity (% of population),EG.ELC.ACCS.ZS,52.363109588623
Togo,TGO,Electricity net consumption,CC.ELEC.CON,1.18014
Togo,TGO,Electricity net generation,CC.ELEC.GEN,0.54514
Tonga,TON,Access to electricity (% of population),EG.ELC.ACCS.ZS,98.4000015258789
Tonga,TON,Electricity net consumption,CC.ELEC.CON,0.054448
Tonga,TON,Electricity net generation,CC.ELEC.GEN,0.060348
Trinidad and Tobago,TTO,Access to electricity (% of population),EG.ELC.ACCS.ZS,100
Trinidad and Tobago,TTO,Electricity net consumption,CC.ELEC.CON,8.21302
Trinidad and Tobago,TTO,Electricity net generation,CC.ELEC.GEN,8.63702
Tunisia,TUN,Access to electricity (% of population),EG.ELC.ACCS.ZS,100
Tunisia,TUN,Electricity net consumption,CC.ELEC.CON,16.73718
Tunisia,TUN,Electricity net generation,CC.ELEC.GEN,20.53718
Turkiye,TUR,Access to electricity (% of population),EG.ELC.ACCS.ZS,100
Turkiye,TUR,Electricity net consumption,CC.ELEC.CON,259.387646
Turkiye,TUR,Electricity net generation,CC.ELEC.GEN,291.25014
Turkmenistan,TKM,Access to electricity (% of population),EG.ELC.ACCS.ZS,99.9000015258789
Turkmenistan,TKM,Electricity net consumption,CC.ELEC.CON,15.0903
Turkmenistan,TKM,Electricity net generation,CC.ELEC.GEN,21.1823
Turks and Caicos Islands,TCA,Access to electricity (% of population),EG.ELC.ACCS.ZS,100
Turks and Caicos Islands,TCA,Electricity net consumption,CC.ELEC.CON,0.231618
Turks and Caicos Islands,TCA,Electricity net generation,CC.ELEC.GEN,0.244118
Tuvalu,TUV,Access to electricity (% of population),EG.ELC.ACCS.ZS,99.6999969482422
Tuvalu,TUV,Electricity net consumption,CC.ELEC.CON,..
Tuvalu,TUV,Electricity net generation,CC.ELEC.GEN,..
Uganda,UGA,Access to electricity (% of population),EG.ELC.ACCS.ZS,41.2999992370605
Uganda,UGA,Electricity net consumption,CC.ELEC.CON,4.20704
Uganda,UGA,Electricity net generation,CC.ELEC.GEN,5.55904
Ukraine,UKR,Access to electricity (% of population),EG.ELC.ACCS.ZS,100
Ukraine,UKR,Electricity net consumption,CC.ELEC.CON,124.53379
Ukraine,UKR,Electricity net generation,CC.ELEC.GEN,145.01279
United Arab Emirates,ARE,Access to electricity (% of population),EG.ELC.ACCS.ZS,100
United Arab Emirates,ARE,Electricity net consumption,CC.ELEC.CON,122.386
United Arab Emirates,ARE,Electricity net generation,CC.ELEC.GEN,129.409
United Kingdom,GBR,Access to electricity (% of population),EG.ELC.ACCS.ZS,100
United Kingdom,GBR,Electricity net consumption,CC.ELEC.CON,304.139935
United Kingdom,GBR,Electricity net generation,CC.ELEC.GEN,309.70141
United States,USA,Access to electricity (% of population),EG.ELC.ACCS.ZS,100
United States,USA,Electricity net consumption,CC.ELEC.CON,3989.37824873
United States,USA,Electricity net generation,CC.ELEC.GEN,4162.81266117
Uruguay,URY,Access to electricity (% of population),EG.ELC.ACCS.ZS,99.9000015258789
Uruguay,URY,Electricity net consumption,CC.ELEC.CON,11.46196
Uruguay,URY,Electricity net generation,CC.ELEC.GEN,15.80266
Uzbekistan,UZB,Access to electricity (% of population),EG.ELC.ACCS.ZS,100
Uzbekistan,UZB,Electricity net consumption,CC.ELEC.CON,57.605687
Uzbekistan,UZB,Electricity net generation,CC.ELEC.GEN,60.151687
Vanuatu,VUT,Access to electricity (% of population),EG.ELC.ACCS.ZS,64.5901870727539
Vanuatu,VUT,Electricity net consumption,CC.ELEC.CON,0.06292574
Vanuatu,VUT,Electricity net generation,CC.ELEC.GEN,0.06792574
"Venezuela, RB",VEN,Access to electricity (% of population),EG.ELC.ACCS.ZS,99.9768142700195
"Venezuela, RB",VEN,Electricity net consumption,CC.ELEC.CON,78.08202
"Venezuela, RB",VEN,Electricity net generation,CC.ELEC.GEN,105.40402
Vietnam,VNM,Access to electricity (% of population),EG.ELC.ACCS.ZS,99.4000015258789
Vietnam,VNM,Electricity net consumption,CC.ELEC.CON,199.84644
Vietnam,VNM,Electricity net generation,CC.ELEC.GEN,214.07644
Virgin Islands (U.S.),VIR,Access to electricity (% of population),EG.ELC.ACCS.ZS,100
Virgin Islands (U.S.),VIR,Electricity net consumption,CC.ELEC.CON,0.56124
Virgin Islands (U.S.),VIR,Electricity net generation,CC.ELEC.GEN,0.61224
West Bank and Gaza,PSE,Access to electricity (% of population),EG.ELC.ACCS.ZS,100
West Bank and Gaza,PSE,Electricity net consumption,CC.ELEC.CON,5.702816
West Bank and Gaza,PSE,Electricity net generation,CC.ELEC.GEN,0.649816
"Yemen, Rep.",YEM,Access to electricity (% of population),EG.ELC.ACCS.ZS,72.7510757446289
"Yemen, Rep.",YEM,Electricity net consumption,CC.ELEC.CON,2.67792
"Yemen, Rep.",YEM,Electricity net generation,CC.ELEC.GEN,3.43092
Zambia,ZMB,Access to electricity (% of population),EG.ELC.ACCS.ZS,43
Zambia,ZMB,Electricity net consumption,CC.ELEC.CON,13.409685
Zambia,ZMB,Electricity net generation,CC.ELEC.GEN,15.999165
Zimbabwe,ZWE,Access to electricity (% of population),EG.ELC.ACCS.ZS,46.7814750671387
Zimbabwe,ZWE,Electricity net consumption,CC.ELEC.CON,10.92824
Zimbabwe,ZWE,Electricity net generation,CC.ELEC.GEN,11.31124
,,,,
,,,,
,,,,
Data from database: Country Climate and Development Report (CCDR),,,,
Last Updated: 10/07/2022,,,,
